filepath,label,group_id
.\Stage1_Young_Bud\Young_Bud_1.jpg,Stage1_Young_Bud,0
.\Stage1_Young_Bud\Young_Bud_10.jpg,Stage1_Young_Bud,1
.\Stage1_Young_Bud\Young_Bud_100.jpg,Stage1_Young_Bud,2
.\Stage1_Young_Bud\Young_Bud_101.jpg,Stage1_Young_Bud,3
.\Stage1_Young_Bud\Young_Bud_102.jpg,Stage1_Young_Bud,4
.\Stage1_Young_Bud\Young_Bud_103.jpg,Stage1_Young_Bud,5
.\Stage1_Young_Bud\Young_Bud_104.jpg,Stage1_Young_Bud,6
.\Stage1_Young_Bud\Young_Bud_105.jpg,Stage1_Young_Bud,7
.\Stage1_Young_Bud\Young_Bud_106.jpg,Stage1_Young_Bud,8
.\Stage1_Young_Bud\Young_Bud_107.jpg,Stage1_Young_Bud,9
.\Stage1_Young_Bud\Young_Bud_108.jpg,Stage1_Young_Bud,10
.\Stage1_Young_Bud\Young_Bud_109.jpg,Stage1_Young_Bud,11
.\Stage1_Young_Bud\Young_Bud_11.jpg,Stage1_Young_Bud,12
.\Stage1_Young_Bud\Young_Bud_110.jpg,Stage1_Young_Bud,13
.\Stage1_Young_Bud\Young_Bud_111.jpg,Stage1_Young_Bud,14
.\Stage1_Young_Bud\Young_Bud_112.jpg,Stage1_Young_Bud,14
.\Stage1_Young_Bud\Young_Bud_113.jpg,Stage1_Young_Bud,15
.\Stage1_Young_Bud\Young_Bud_114.jpg,Stage1_Young_Bud,16
.\Stage1_Young_Bud\Young_Bud_115.jpg,Stage1_Young_Bud,17
.\Stage1_Young_Bud\Young_Bud_116.jpg,Stage1_Young_Bud,18
.\Stage1_Young_Bud\Young_Bud_117.jpg,Stage1_Young_Bud,19
.\Stage1_Young_Bud\Young_Bud_118.jpg,Stage1_Young_Bud,20
.\Stage1_Young_Bud\Young_Bud_119.jpg,Stage1_Young_Bud,21
.\Stage1_Young_Bud\Young_Bud_12.jpg,Stage1_Young_Bud,22
.\Stage1_Young_Bud\Young_Bud_120.jpg,Stage1_Young_Bud,23
.\Stage1_Young_Bud\Young_Bud_121.jpg,Stage1_Young_Bud,24
.\Stage1_Young_Bud\Young_Bud_122.jpg,Stage1_Young_Bud,25
.\Stage1_Young_Bud\Young_Bud_123.jpg,Stage1_Young_Bud,26
.\Stage1_Young_Bud\Young_Bud_124.jpg,Stage1_Young_Bud,27
.\Stage1_Young_Bud\Young_Bud_125.jpg,Stage1_Young_Bud,28
.\Stage1_Young_Bud\Young_Bud_126.jpg,Stage1_Young_Bud,29
.\Stage1_Young_Bud\Young_Bud_127.jpg,Stage1_Young_Bud,30
.\Stage1_Young_Bud\Young_Bud_128.jpg,Stage1_Young_Bud,31
.\Stage1_Young_Bud\Young_Bud_129.jpg,Stage1_Young_Bud,8
.\Stage1_Young_Bud\Young_Bud_13.jpg,Stage1_Young_Bud,32
.\Stage1_Young_Bud\Young_Bud_130.jpg,Stage1_Young_Bud,33
.\Stage1_Young_Bud\Young_Bud_131.jpg,Stage1_Young_Bud,34
.\Stage1_Young_Bud\Young_Bud_132.jpg,Stage1_Young_Bud,35
.\Stage1_Young_Bud\Young_Bud_133.jpg,Stage1_Young_Bud,36
.\Stage1_Young_Bud\Young_Bud_134.jpg,Stage1_Young_Bud,37
.\Stage1_Young_Bud\Young_Bud_135.jpg,Stage1_Young_Bud,38
.\Stage1_Young_Bud\Young_Bud_136.jpg,Stage1_Young_Bud,2
.\Stage1_Young_Bud\Young_Bud_137.jpg,Stage1_Young_Bud,39
.\Stage1_Young_Bud\Young_Bud_138.jpg,Stage1_Young_Bud,40
.\Stage1_Young_Bud\Young_Bud_139.jpg,Stage1_Young_Bud,41
.\Stage1_Young_Bud\Young_Bud_14.jpg,Stage1_Young_Bud,42
.\Stage1_Young_Bud\Young_Bud_140.jpg,Stage1_Young_Bud,43
.\Stage1_Young_Bud\Young_Bud_141.jpg,Stage1_Young_Bud,44
.\Stage1_Young_Bud\Young_Bud_142.jpg,Stage1_Young_Bud,45
.\Stage1_Young_Bud\Young_Bud_143.jpg,Stage1_Young_Bud,46
.\Stage1_Young_Bud\Young_Bud_144.jpg,Stage1_Young_Bud,47
.\Stage1_Young_Bud\Young_Bud_145.jpg,Stage1_Young_Bud,37
.\Stage1_Young_Bud\Young_Bud_146.jpg,Stage1_Young_Bud,48
.\Stage1_Young_Bud\Young_Bud_147.jpg,Stage1_Young_Bud,25
.\Stage1_Young_Bud\Young_Bud_148.jpg,Stage1_Young_Bud,6
.\Stage1_Young_Bud\Young_Bud_149.jpg,Stage1_Young_Bud,49
.\Stage1_Young_Bud\Young_Bud_15.jpg,Stage1_Young_Bud,50
.\Stage1_Young_Bud\Young_Bud_150.jpg,Stage1_Young_Bud,51
.\Stage1_Young_Bud\Young_Bud_151.jpg,Stage1_Young_Bud,52
.\Stage1_Young_Bud\Young_Bud_152.jpg,Stage1_Young_Bud,53
.\Stage1_Young_Bud\Young_Bud_153.jpg,Stage1_Young_Bud,54
.\Stage1_Young_Bud\Young_Bud_154.jpg,Stage1_Young_Bud,55
.\Stage1_Young_Bud\Young_Bud_155.jpg,Stage1_Young_Bud,56
.\Stage1_Young_Bud\Young_Bud_156.jpg,Stage1_Young_Bud,57
.\Stage1_Young_Bud\Young_Bud_157.jpg,Stage1_Young_Bud,58
.\Stage1_Young_Bud\Young_Bud_158.jpg,Stage1_Young_Bud,59
.\Stage1_Young_Bud\Young_Bud_159.jpg,Stage1_Young_Bud,60
.\Stage1_Young_Bud\Young_Bud_16.jpg,Stage1_Young_Bud,61
.\Stage1_Young_Bud\Young_Bud_160.jpg,Stage1_Young_Bud,62
.\Stage1_Young_Bud\Young_Bud_161.jpg,Stage1_Young_Bud,63
.\Stage1_Young_Bud\Young_Bud_162.jpg,Stage1_Young_Bud,64
.\Stage1_Young_Bud\Young_Bud_163.jpg,Stage1_Young_Bud,65
.\Stage1_Young_Bud\Young_Bud_164.jpg,Stage1_Young_Bud,66
.\Stage1_Young_Bud\Young_Bud_165.jpg,Stage1_Young_Bud,67
.\Stage1_Young_Bud\Young_Bud_166.jpg,Stage1_Young_Bud,68
.\Stage1_Young_Bud\Young_Bud_167.jpg,Stage1_Young_Bud,69
.\Stage1_Young_Bud\Young_Bud_168.jpg,Stage1_Young_Bud,70
.\Stage1_Young_Bud\Young_Bud_169.jpg,Stage1_Young_Bud,71
.\Stage1_Young_Bud\Young_Bud_17.jpg,Stage1_Young_Bud,72
.\Stage1_Young_Bud\Young_Bud_170.jpg,Stage1_Young_Bud,73
.\Stage1_Young_Bud\Young_Bud_171.jpg,Stage1_Young_Bud,74
.\Stage1_Young_Bud\Young_Bud_172.jpg,Stage1_Young_Bud,75
.\Stage1_Young_Bud\Young_Bud_173.jpg,Stage1_Young_Bud,76
.\Stage1_Young_Bud\Young_Bud_174.jpg,Stage1_Young_Bud,77
.\Stage1_Young_Bud\Young_Bud_175.jpg,Stage1_Young_Bud,78
.\Stage1_Young_Bud\Young_Bud_176.jpg,Stage1_Young_Bud,79
.\Stage1_Young_Bud\Young_Bud_177.jpg,Stage1_Young_Bud,80
.\Stage1_Young_Bud\Young_Bud_178.jpg,Stage1_Young_Bud,81
.\Stage1_Young_Bud\Young_Bud_179.jpg,Stage1_Young_Bud,82
.\Stage1_Young_Bud\Young_Bud_18.jpg,Stage1_Young_Bud,83
.\Stage1_Young_Bud\Young_Bud_180.jpg,Stage1_Young_Bud,84
.\Stage1_Young_Bud\Young_Bud_181.jpg,Stage1_Young_Bud,76
.\Stage1_Young_Bud\Young_Bud_182.jpg,Stage1_Young_Bud,85
.\Stage1_Young_Bud\Young_Bud_183.jpg,Stage1_Young_Bud,86
.\Stage1_Young_Bud\Young_Bud_184.jpg,Stage1_Young_Bud,87
.\Stage1_Young_Bud\Young_Bud_185.jpg,Stage1_Young_Bud,88
.\Stage1_Young_Bud\Young_Bud_186.jpg,Stage1_Young_Bud,89
.\Stage1_Young_Bud\Young_Bud_187.jpg,Stage1_Young_Bud,90
.\Stage1_Young_Bud\Young_Bud_188.jpg,Stage1_Young_Bud,91
.\Stage1_Young_Bud\Young_Bud_189.jpg,Stage1_Young_Bud,92
.\Stage1_Young_Bud\Young_Bud_19.jpg,Stage1_Young_Bud,93
.\Stage1_Young_Bud\Young_Bud_190.jpg,Stage1_Young_Bud,94
.\Stage1_Young_Bud\Young_Bud_191.jpg,Stage1_Young_Bud,95
.\Stage1_Young_Bud\Young_Bud_192.jpg,Stage1_Young_Bud,96
.\Stage1_Young_Bud\Young_Bud_193.jpg,Stage1_Young_Bud,97
.\Stage1_Young_Bud\Young_Bud_194.jpg,Stage1_Young_Bud,98
.\Stage1_Young_Bud\Young_Bud_195.jpg,Stage1_Young_Bud,99
.\Stage1_Young_Bud\Young_Bud_196.jpg,Stage1_Young_Bud,100
.\Stage1_Young_Bud\Young_Bud_197.jpg,Stage1_Young_Bud,101
.\Stage1_Young_Bud\Young_Bud_198.jpg,Stage1_Young_Bud,32
.\Stage1_Young_Bud\Young_Bud_199.jpg,Stage1_Young_Bud,83
.\Stage1_Young_Bud\Young_Bud_2.jpg,Stage1_Young_Bud,102
.\Stage1_Young_Bud\Young_Bud_20.jpg,Stage1_Young_Bud,103
.\Stage1_Young_Bud\Young_Bud_200.jpg,Stage1_Young_Bud,104
.\Stage1_Young_Bud\Young_Bud_201.jpg,Stage1_Young_Bud,105
.\Stage1_Young_Bud\Young_Bud_202.jpg,Stage1_Young_Bud,106
.\Stage1_Young_Bud\Young_Bud_203.jpg,Stage1_Young_Bud,107
.\Stage1_Young_Bud\Young_Bud_204.jpg,Stage1_Young_Bud,108
.\Stage1_Young_Bud\Young_Bud_205.jpg,Stage1_Young_Bud,109
.\Stage1_Young_Bud\Young_Bud_206.jpg,Stage1_Young_Bud,110
.\Stage1_Young_Bud\Young_Bud_207.jpg,Stage1_Young_Bud,111
.\Stage1_Young_Bud\Young_Bud_208.jpg,Stage1_Young_Bud,112
.\Stage1_Young_Bud\Young_Bud_209.jpg,Stage1_Young_Bud,113
.\Stage1_Young_Bud\Young_Bud_21.jpg,Stage1_Young_Bud,52
.\Stage1_Young_Bud\Young_Bud_210.jpg,Stage1_Young_Bud,114
.\Stage1_Young_Bud\Young_Bud_211.jpg,Stage1_Young_Bud,105
.\Stage1_Young_Bud\Young_Bud_212.jpg,Stage1_Young_Bud,115
.\Stage1_Young_Bud\Young_Bud_213.jpg,Stage1_Young_Bud,116
.\Stage1_Young_Bud\Young_Bud_214.jpg,Stage1_Young_Bud,117
.\Stage1_Young_Bud\Young_Bud_215.jpg,Stage1_Young_Bud,118
.\Stage1_Young_Bud\Young_Bud_216.jpg,Stage1_Young_Bud,103
.\Stage1_Young_Bud\Young_Bud_217.jpg,Stage1_Young_Bud,119
.\Stage1_Young_Bud\Young_Bud_218.jpg,Stage1_Young_Bud,120
.\Stage1_Young_Bud\Young_Bud_219.jpg,Stage1_Young_Bud,38
.\Stage1_Young_Bud\Young_Bud_22.jpg,Stage1_Young_Bud,121
.\Stage1_Young_Bud\Young_Bud_220.jpg,Stage1_Young_Bud,122
.\Stage1_Young_Bud\Young_Bud_221.jpg,Stage1_Young_Bud,123
.\Stage1_Young_Bud\Young_Bud_222.jpg,Stage1_Young_Bud,30
.\Stage1_Young_Bud\Young_Bud_223.jpg,Stage1_Young_Bud,124
.\Stage1_Young_Bud\Young_Bud_224.jpg,Stage1_Young_Bud,125
.\Stage1_Young_Bud\Young_Bud_225.jpg,Stage1_Young_Bud,10
.\Stage1_Young_Bud\Young_Bud_226.jpg,Stage1_Young_Bud,126
.\Stage1_Young_Bud\Young_Bud_227.jpg,Stage1_Young_Bud,127
.\Stage1_Young_Bud\Young_Bud_228.jpg,Stage1_Young_Bud,128
.\Stage1_Young_Bud\Young_Bud_229.jpg,Stage1_Young_Bud,111
.\Stage1_Young_Bud\Young_Bud_23.jpg,Stage1_Young_Bud,129
.\Stage1_Young_Bud\Young_Bud_230.jpg,Stage1_Young_Bud,130
.\Stage1_Young_Bud\Young_Bud_231.jpg,Stage1_Young_Bud,131
.\Stage1_Young_Bud\Young_Bud_232.jpg,Stage1_Young_Bud,9
.\Stage1_Young_Bud\Young_Bud_233.jpg,Stage1_Young_Bud,132
.\Stage1_Young_Bud\Young_Bud_234.jpg,Stage1_Young_Bud,133
.\Stage1_Young_Bud\Young_Bud_235.jpg,Stage1_Young_Bud,134
.\Stage1_Young_Bud\Young_Bud_236.jpg,Stage1_Young_Bud,135
.\Stage1_Young_Bud\Young_Bud_237.jpg,Stage1_Young_Bud,136
.\Stage1_Young_Bud\Young_Bud_238.jpg,Stage1_Young_Bud,137
.\Stage1_Young_Bud\Young_Bud_24.jpg,Stage1_Young_Bud,138
.\Stage1_Young_Bud\Young_Bud_25.jpg,Stage1_Young_Bud,139
.\Stage1_Young_Bud\Young_Bud_26.jpg,Stage1_Young_Bud,140
.\Stage1_Young_Bud\Young_Bud_27.jpg,Stage1_Young_Bud,135
.\Stage1_Young_Bud\Young_Bud_28.jpg,Stage1_Young_Bud,141
.\Stage1_Young_Bud\Young_Bud_29.jpg,Stage1_Young_Bud,142
.\Stage1_Young_Bud\Young_Bud_3.jpg,Stage1_Young_Bud,143
.\Stage1_Young_Bud\Young_Bud_30.jpg,Stage1_Young_Bud,144
.\Stage1_Young_Bud\Young_Bud_31.jpg,Stage1_Young_Bud,145
.\Stage1_Young_Bud\Young_Bud_32.jpg,Stage1_Young_Bud,146
.\Stage1_Young_Bud\Young_Bud_33.jpg,Stage1_Young_Bud,57
.\Stage1_Young_Bud\Young_Bud_34.jpg,Stage1_Young_Bud,147
.\Stage1_Young_Bud\Young_Bud_35.jpg,Stage1_Young_Bud,148
.\Stage1_Young_Bud\Young_Bud_36.jpg,Stage1_Young_Bud,149
.\Stage1_Young_Bud\Young_Bud_37.jpg,Stage1_Young_Bud,150
.\Stage1_Young_Bud\Young_Bud_38.jpg,Stage1_Young_Bud,151
.\Stage1_Young_Bud\Young_Bud_39.jpg,Stage1_Young_Bud,152
.\Stage1_Young_Bud\Young_Bud_4.jpg,Stage1_Young_Bud,153
.\Stage1_Young_Bud\Young_Bud_40.jpg,Stage1_Young_Bud,78
.\Stage1_Young_Bud\Young_Bud_41.jpg,Stage1_Young_Bud,154
.\Stage1_Young_Bud\Young_Bud_42.jpg,Stage1_Young_Bud,155
.\Stage1_Young_Bud\Young_Bud_43.jpg,Stage1_Young_Bud,156
.\Stage1_Young_Bud\Young_Bud_44.jpg,Stage1_Young_Bud,157
.\Stage1_Young_Bud\Young_Bud_45.jpg,Stage1_Young_Bud,158
.\Stage1_Young_Bud\Young_Bud_46.jpg,Stage1_Young_Bud,159
.\Stage1_Young_Bud\Young_Bud_47.jpg,Stage1_Young_Bud,160
.\Stage1_Young_Bud\Young_Bud_48.jpg,Stage1_Young_Bud,99
.\Stage1_Young_Bud\Young_Bud_49.jpg,Stage1_Young_Bud,161
.\Stage1_Young_Bud\Young_Bud_5.jpg,Stage1_Young_Bud,162
.\Stage1_Young_Bud\Young_Bud_50.jpg,Stage1_Young_Bud,163
.\Stage1_Young_Bud\Young_Bud_51.jpg,Stage1_Young_Bud,91
.\Stage1_Young_Bud\Young_Bud_52.jpg,Stage1_Young_Bud,164
.\Stage1_Young_Bud\Young_Bud_53.jpg,Stage1_Young_Bud,165
.\Stage1_Young_Bud\Young_Bud_54.jpg,Stage1_Young_Bud,166
.\Stage1_Young_Bud\Young_Bud_55.jpg,Stage1_Young_Bud,28
.\Stage1_Young_Bud\Young_Bud_56.jpg,Stage1_Young_Bud,96
.\Stage1_Young_Bud\Young_Bud_57.jpg,Stage1_Young_Bud,167
.\Stage1_Young_Bud\Young_Bud_58.jpg,Stage1_Young_Bud,108
.\Stage1_Young_Bud\Young_Bud_59.jpg,Stage1_Young_Bud,53
.\Stage1_Young_Bud\Young_Bud_6.jpg,Stage1_Young_Bud,168
.\Stage1_Young_Bud\Young_Bud_60.jpg,Stage1_Young_Bud,169
.\Stage1_Young_Bud\Young_Bud_61.jpg,Stage1_Young_Bud,90
.\Stage1_Young_Bud\Young_Bud_62.jpg,Stage1_Young_Bud,170
.\Stage1_Young_Bud\Young_Bud_63.jpg,Stage1_Young_Bud,171
.\Stage1_Young_Bud\Young_Bud_64.jpg,Stage1_Young_Bud,172
.\Stage1_Young_Bud\Young_Bud_65.jpg,Stage1_Young_Bud,173
.\Stage1_Young_Bud\Young_Bud_66.jpg,Stage1_Young_Bud,174
.\Stage1_Young_Bud\Young_Bud_67.jpg,Stage1_Young_Bud,175
.\Stage1_Young_Bud\Young_Bud_68.jpg,Stage1_Young_Bud,176
.\Stage1_Young_Bud\Young_Bud_69.jpg,Stage1_Young_Bud,177
.\Stage1_Young_Bud\Young_Bud_7.jpg,Stage1_Young_Bud,178
.\Stage1_Young_Bud\Young_Bud_70.jpg,Stage1_Young_Bud,179
.\Stage1_Young_Bud\Young_Bud_71.jpg,Stage1_Young_Bud,180
.\Stage1_Young_Bud\Young_Bud_72.jpg,Stage1_Young_Bud,181
.\Stage1_Young_Bud\Young_Bud_73.jpg,Stage1_Young_Bud,182
.\Stage1_Young_Bud\Young_Bud_74.jpg,Stage1_Young_Bud,183
.\Stage1_Young_Bud\Young_Bud_75.jpg,Stage1_Young_Bud,184
.\Stage1_Young_Bud\Young_Bud_76.jpg,Stage1_Young_Bud,80
.\Stage1_Young_Bud\Young_Bud_77.jpg,Stage1_Young_Bud,185
.\Stage1_Young_Bud\Young_Bud_78.jpg,Stage1_Young_Bud,186
.\Stage1_Young_Bud\Young_Bud_79.jpg,Stage1_Young_Bud,187
.\Stage1_Young_Bud\Young_Bud_8.jpg,Stage1_Young_Bud,55
.\Stage1_Young_Bud\Young_Bud_80.jpg,Stage1_Young_Bud,165
.\Stage1_Young_Bud\Young_Bud_81.jpg,Stage1_Young_Bud,188
.\Stage1_Young_Bud\Young_Bud_82.jpg,Stage1_Young_Bud,189
.\Stage1_Young_Bud\Young_Bud_83.jpg,Stage1_Young_Bud,190
.\Stage1_Young_Bud\Young_Bud_84.jpg,Stage1_Young_Bud,167
.\Stage1_Young_Bud\Young_Bud_85.jpg,Stage1_Young_Bud,191
.\Stage1_Young_Bud\Young_Bud_86.jpg,Stage1_Young_Bud,174
.\Stage1_Young_Bud\Young_Bud_87.jpg,Stage1_Young_Bud,149
.\Stage1_Young_Bud\Young_Bud_88.jpg,Stage1_Young_Bud,153
.\Stage1_Young_Bud\Young_Bud_89.jpg,Stage1_Young_Bud,192
.\Stage1_Young_Bud\Young_Bud_9.jpg,Stage1_Young_Bud,193
.\Stage1_Young_Bud\Young_Bud_90.jpg,Stage1_Young_Bud,138
.\Stage1_Young_Bud\Young_Bud_91.jpg,Stage1_Young_Bud,194
.\Stage1_Young_Bud\Young_Bud_92.jpg,Stage1_Young_Bud,195
.\Stage1_Young_Bud\Young_Bud_93.jpg,Stage1_Young_Bud,196
.\Stage1_Young_Bud\Young_Bud_94.jpg,Stage1_Young_Bud,109
.\Stage1_Young_Bud\Young_Bud_95.jpg,Stage1_Young_Bud,197
.\Stage1_Young_Bud\Young_Bud_96.jpg,Stage1_Young_Bud,198
.\Stage1_Young_Bud\Young_Bud_97.jpg,Stage1_Young_Bud,195
.\Stage1_Young_Bud\Young_Bud_98.jpg,Stage1_Young_Bud,199
.\Stage1_Young_Bud\Young_Bud_99.jpg,Stage1_Young_Bud,200
.\Stage2_Early_Bloom\Early_Bloom_1.jpg,Stage2_Early_Bloom,201
.\Stage2_Early_Bloom\Early_Bloom_10.jpg,Stage2_Early_Bloom,202
.\Stage2_Early_Bloom\Early_Bloom_100.jpg,Stage2_Early_Bloom,203
.\Stage2_Early_Bloom\Early_Bloom_101.jpg,Stage2_Early_Bloom,204
.\Stage2_Early_Bloom\Early_Bloom_102.jpg,Stage2_Early_Bloom,205
.\Stage2_Early_Bloom\Early_Bloom_103.jpg,Stage2_Early_Bloom,206
.\Stage2_Early_Bloom\Early_Bloom_104.jpg,Stage2_Early_Bloom,206
.\Stage2_Early_Bloom\Early_Bloom_105.jpg,Stage2_Early_Bloom,207
.\Stage2_Early_Bloom\Early_Bloom_106.jpg,Stage2_Early_Bloom,208
.\Stage2_Early_Bloom\Early_Bloom_107.jpg,Stage2_Early_Bloom,209
.\Stage2_Early_Bloom\Early_Bloom_108.jpg,Stage2_Early_Bloom,210
.\Stage2_Early_Bloom\Early_Bloom_109.jpg,Stage2_Early_Bloom,210
.\Stage2_Early_Bloom\Early_Bloom_11.jpg,Stage2_Early_Bloom,211
.\Stage2_Early_Bloom\Early_Bloom_110.jpg,Stage2_Early_Bloom,212
.\Stage2_Early_Bloom\Early_Bloom_111.jpg,Stage2_Early_Bloom,213
.\Stage2_Early_Bloom\Early_Bloom_112.jpg,Stage2_Early_Bloom,214
.\Stage2_Early_Bloom\Early_Bloom_113.jpg,Stage2_Early_Bloom,215
.\Stage2_Early_Bloom\Early_Bloom_114.jpg,Stage2_Early_Bloom,216
.\Stage2_Early_Bloom\Early_Bloom_115.jpg,Stage2_Early_Bloom,217
.\Stage2_Early_Bloom\Early_Bloom_116.jpg,Stage2_Early_Bloom,218
.\Stage2_Early_Bloom\Early_Bloom_117.jpg,Stage2_Early_Bloom,219
.\Stage2_Early_Bloom\Early_Bloom_118.jpg,Stage2_Early_Bloom,220
.\Stage2_Early_Bloom\Early_Bloom_119.jpg,Stage2_Early_Bloom,221
.\Stage2_Early_Bloom\Early_Bloom_12.jpg,Stage2_Early_Bloom,222
.\Stage2_Early_Bloom\Early_Bloom_120.jpg,Stage2_Early_Bloom,223
.\Stage2_Early_Bloom\Early_Bloom_121.jpg,Stage2_Early_Bloom,224
.\Stage2_Early_Bloom\Early_Bloom_122.jpg,Stage2_Early_Bloom,225
.\Stage2_Early_Bloom\Early_Bloom_123.jpg,Stage2_Early_Bloom,226
.\Stage2_Early_Bloom\Early_Bloom_124.jpg,Stage2_Early_Bloom,227
.\Stage2_Early_Bloom\Early_Bloom_125.jpg,Stage2_Early_Bloom,228
.\Stage2_Early_Bloom\Early_Bloom_126.jpg,Stage2_Early_Bloom,229
.\Stage2_Early_Bloom\Early_Bloom_127.jpg,Stage2_Early_Bloom,230
.\Stage2_Early_Bloom\Early_Bloom_128.jpg,Stage2_Early_Bloom,231
.\Stage2_Early_Bloom\Early_Bloom_129.jpg,Stage2_Early_Bloom,232
.\Stage2_Early_Bloom\Early_Bloom_13.jpg,Stage2_Early_Bloom,233
.\Stage2_Early_Bloom\Early_Bloom_130.jpg,Stage2_Early_Bloom,234
.\Stage2_Early_Bloom\Early_Bloom_131.jpg,Stage2_Early_Bloom,235
.\Stage2_Early_Bloom\Early_Bloom_132.jpg,Stage2_Early_Bloom,236
.\Stage2_Early_Bloom\Early_Bloom_133.jpg,Stage2_Early_Bloom,237
.\Stage2_Early_Bloom\Early_Bloom_134.jpg,Stage2_Early_Bloom,238
.\Stage2_Early_Bloom\Early_Bloom_135.jpg,Stage2_Early_Bloom,239
.\Stage2_Early_Bloom\Early_Bloom_136.jpg,Stage2_Early_Bloom,240
.\Stage2_Early_Bloom\Early_Bloom_137.jpg,Stage2_Early_Bloom,241
.\Stage2_Early_Bloom\Early_Bloom_138.jpg,Stage2_Early_Bloom,242
.\Stage2_Early_Bloom\Early_Bloom_139.jpg,Stage2_Early_Bloom,243
.\Stage2_Early_Bloom\Early_Bloom_14.jpg,Stage2_Early_Bloom,244
.\Stage2_Early_Bloom\Early_Bloom_140.jpg,Stage2_Early_Bloom,245
.\Stage2_Early_Bloom\Early_Bloom_141.jpg,Stage2_Early_Bloom,246
.\Stage2_Early_Bloom\Early_Bloom_142.jpg,Stage2_Early_Bloom,247
.\Stage2_Early_Bloom\Early_Bloom_143.jpg,Stage2_Early_Bloom,248
.\Stage2_Early_Bloom\Early_Bloom_144.jpg,Stage2_Early_Bloom,249
.\Stage2_Early_Bloom\Early_Bloom_145.jpg,Stage2_Early_Bloom,250
.\Stage2_Early_Bloom\Early_Bloom_146.jpg,Stage2_Early_Bloom,251
.\Stage2_Early_Bloom\Early_Bloom_147.jpg,Stage2_Early_Bloom,243
.\Stage2_Early_Bloom\Early_Bloom_148.jpg,Stage2_Early_Bloom,252
.\Stage2_Early_Bloom\Early_Bloom_149.jpg,Stage2_Early_Bloom,253
.\Stage2_Early_Bloom\Early_Bloom_15.jpg,Stage2_Early_Bloom,254
.\Stage2_Early_Bloom\Early_Bloom_150.jpg,Stage2_Early_Bloom,255
.\Stage2_Early_Bloom\Early_Bloom_151.jpg,Stage2_Early_Bloom,256
.\Stage2_Early_Bloom\Early_Bloom_152.jpg,Stage2_Early_Bloom,257
.\Stage2_Early_Bloom\Early_Bloom_153.jpg,Stage2_Early_Bloom,258
.\Stage2_Early_Bloom\Early_Bloom_154.jpg,Stage2_Early_Bloom,259
.\Stage2_Early_Bloom\Early_Bloom_155.jpg,Stage2_Early_Bloom,260
.\Stage2_Early_Bloom\Early_Bloom_156.jpg,Stage2_Early_Bloom,261
.\Stage2_Early_Bloom\Early_Bloom_157.jpg,Stage2_Early_Bloom,262
.\Stage2_Early_Bloom\Early_Bloom_158.jpg,Stage2_Early_Bloom,263
.\Stage2_Early_Bloom\Early_Bloom_159.jpg,Stage2_Early_Bloom,264
.\Stage2_Early_Bloom\Early_Bloom_16.jpg,Stage2_Early_Bloom,265
.\Stage2_Early_Bloom\Early_Bloom_160.jpg,Stage2_Early_Bloom,266
.\Stage2_Early_Bloom\Early_Bloom_161.jpg,Stage2_Early_Bloom,267
.\Stage2_Early_Bloom\Early_Bloom_162.jpg,Stage2_Early_Bloom,268
.\Stage2_Early_Bloom\Early_Bloom_163.jpg,Stage2_Early_Bloom,269
.\Stage2_Early_Bloom\Early_Bloom_164.jpg,Stage2_Early_Bloom,270
.\Stage2_Early_Bloom\Early_Bloom_165.jpg,Stage2_Early_Bloom,271
.\Stage2_Early_Bloom\Early_Bloom_166.jpg,Stage2_Early_Bloom,272
.\Stage2_Early_Bloom\Early_Bloom_167.jpg,Stage2_Early_Bloom,273
.\Stage2_Early_Bloom\Early_Bloom_168.jpg,Stage2_Early_Bloom,274
.\Stage2_Early_Bloom\Early_Bloom_169.jpg,Stage2_Early_Bloom,275
.\Stage2_Early_Bloom\Early_Bloom_17.jpg,Stage2_Early_Bloom,276
.\Stage2_Early_Bloom\Early_Bloom_170.jpg,Stage2_Early_Bloom,277
.\Stage2_Early_Bloom\Early_Bloom_171.jpg,Stage2_Early_Bloom,278
.\Stage2_Early_Bloom\Early_Bloom_172.jpg,Stage2_Early_Bloom,279
.\Stage2_Early_Bloom\Early_Bloom_173.jpg,Stage2_Early_Bloom,280
.\Stage2_Early_Bloom\Early_Bloom_174.jpg,Stage2_Early_Bloom,281
.\Stage2_Early_Bloom\Early_Bloom_175.jpg,Stage2_Early_Bloom,282
.\Stage2_Early_Bloom\Early_Bloom_176.jpg,Stage2_Early_Bloom,283
.\Stage2_Early_Bloom\Early_Bloom_177.jpg,Stage2_Early_Bloom,284
.\Stage2_Early_Bloom\Early_Bloom_178.jpg,Stage2_Early_Bloom,285
.\Stage2_Early_Bloom\Early_Bloom_179.jpg,Stage2_Early_Bloom,286
.\Stage2_Early_Bloom\Early_Bloom_18.jpg,Stage2_Early_Bloom,259
.\Stage2_Early_Bloom\Early_Bloom_180.jpg,Stage2_Early_Bloom,287
.\Stage2_Early_Bloom\Early_Bloom_181.jpg,Stage2_Early_Bloom,288
.\Stage2_Early_Bloom\Early_Bloom_182.jpg,Stage2_Early_Bloom,289
.\Stage2_Early_Bloom\Early_Bloom_183.jpg,Stage2_Early_Bloom,290
.\Stage2_Early_Bloom\Early_Bloom_184.jpg,Stage2_Early_Bloom,291
.\Stage2_Early_Bloom\Early_Bloom_185.jpg,Stage2_Early_Bloom,269
.\Stage2_Early_Bloom\Early_Bloom_186.jpg,Stage2_Early_Bloom,292
.\Stage2_Early_Bloom\Early_Bloom_187.jpg,Stage2_Early_Bloom,293
.\Stage2_Early_Bloom\Early_Bloom_188.jpg,Stage2_Early_Bloom,294
.\Stage2_Early_Bloom\Early_Bloom_189.jpg,Stage2_Early_Bloom,295
.\Stage2_Early_Bloom\Early_Bloom_19.jpg,Stage2_Early_Bloom,296
.\Stage2_Early_Bloom\Early_Bloom_190.jpg,Stage2_Early_Bloom,297
.\Stage2_Early_Bloom\Early_Bloom_191.jpg,Stage2_Early_Bloom,298
.\Stage2_Early_Bloom\Early_Bloom_192.jpg,Stage2_Early_Bloom,299
.\Stage2_Early_Bloom\Early_Bloom_193.jpg,Stage2_Early_Bloom,300
.\Stage2_Early_Bloom\Early_Bloom_194.jpg,Stage2_Early_Bloom,257
.\Stage2_Early_Bloom\Early_Bloom_195.jpg,Stage2_Early_Bloom,301
.\Stage2_Early_Bloom\Early_Bloom_196.jpg,Stage2_Early_Bloom,302
.\Stage2_Early_Bloom\Early_Bloom_197.jpg,Stage2_Early_Bloom,303
.\Stage2_Early_Bloom\Early_Bloom_198.jpg,Stage2_Early_Bloom,304
.\Stage2_Early_Bloom\Early_Bloom_199.jpg,Stage2_Early_Bloom,305
.\Stage2_Early_Bloom\Early_Bloom_2.jpg,Stage2_Early_Bloom,306
.\Stage2_Early_Bloom\Early_Bloom_20.jpg,Stage2_Early_Bloom,307
.\Stage2_Early_Bloom\Early_Bloom_200.jpg,Stage2_Early_Bloom,308
.\Stage2_Early_Bloom\Early_Bloom_201.jpg,Stage2_Early_Bloom,309
.\Stage2_Early_Bloom\Early_Bloom_202.jpg,Stage2_Early_Bloom,310
.\Stage2_Early_Bloom\Early_Bloom_203.jpg,Stage2_Early_Bloom,227
.\Stage2_Early_Bloom\Early_Bloom_204.jpg,Stage2_Early_Bloom,311
.\Stage2_Early_Bloom\Early_Bloom_205.jpg,Stage2_Early_Bloom,312
.\Stage2_Early_Bloom\Early_Bloom_206.jpg,Stage2_Early_Bloom,251
.\Stage2_Early_Bloom\Early_Bloom_207.jpg,Stage2_Early_Bloom,313
.\Stage2_Early_Bloom\Early_Bloom_208.jpg,Stage2_Early_Bloom,314
.\Stage2_Early_Bloom\Early_Bloom_209.jpg,Stage2_Early_Bloom,315
.\Stage2_Early_Bloom\Early_Bloom_21.jpg,Stage2_Early_Bloom,316
.\Stage2_Early_Bloom\Early_Bloom_210.jpg,Stage2_Early_Bloom,317
.\Stage2_Early_Bloom\Early_Bloom_211.jpg,Stage2_Early_Bloom,318
.\Stage2_Early_Bloom\Early_Bloom_212.jpg,Stage2_Early_Bloom,319
.\Stage2_Early_Bloom\Early_Bloom_213.jpg,Stage2_Early_Bloom,320
.\Stage2_Early_Bloom\Early_Bloom_214.jpg,Stage2_Early_Bloom,321
.\Stage2_Early_Bloom\Early_Bloom_215.jpg,Stage2_Early_Bloom,322
.\Stage2_Early_Bloom\Early_Bloom_216.jpg,Stage2_Early_Bloom,323
.\Stage2_Early_Bloom\Early_Bloom_217.jpg,Stage2_Early_Bloom,324
.\Stage2_Early_Bloom\Early_Bloom_218.jpg,Stage2_Early_Bloom,325
.\Stage2_Early_Bloom\Early_Bloom_22.jpg,Stage2_Early_Bloom,326
.\Stage2_Early_Bloom\Early_Bloom_23.jpg,Stage2_Early_Bloom,322
.\Stage2_Early_Bloom\Early_Bloom_24.jpg,Stage2_Early_Bloom,327
.\Stage2_Early_Bloom\Early_Bloom_25.jpg,Stage2_Early_Bloom,328
.\Stage2_Early_Bloom\Early_Bloom_26.jpg,Stage2_Early_Bloom,329
.\Stage2_Early_Bloom\Early_Bloom_27.jpg,Stage2_Early_Bloom,330
.\Stage2_Early_Bloom\Early_Bloom_28.jpg,Stage2_Early_Bloom,331
.\Stage2_Early_Bloom\Early_Bloom_29.jpg,Stage2_Early_Bloom,332
.\Stage2_Early_Bloom\Early_Bloom_3.jpg,Stage2_Early_Bloom,333
.\Stage2_Early_Bloom\Early_Bloom_30.jpg,Stage2_Early_Bloom,334
.\Stage2_Early_Bloom\Early_Bloom_31.jpg,Stage2_Early_Bloom,335
.\Stage2_Early_Bloom\Early_Bloom_32.jpg,Stage2_Early_Bloom,336
.\Stage2_Early_Bloom\Early_Bloom_33.jpg,Stage2_Early_Bloom,337
.\Stage2_Early_Bloom\Early_Bloom_34.jpg,Stage2_Early_Bloom,338
.\Stage2_Early_Bloom\Early_Bloom_35.jpg,Stage2_Early_Bloom,339
.\Stage2_Early_Bloom\Early_Bloom_36.jpg,Stage2_Early_Bloom,340
.\Stage2_Early_Bloom\Early_Bloom_37.jpg,Stage2_Early_Bloom,341
.\Stage2_Early_Bloom\Early_Bloom_38.jpg,Stage2_Early_Bloom,247
.\Stage2_Early_Bloom\Early_Bloom_39.jpg,Stage2_Early_Bloom,342
.\Stage2_Early_Bloom\Early_Bloom_4.jpg,Stage2_Early_Bloom,343
.\Stage2_Early_Bloom\Early_Bloom_40.jpg,Stage2_Early_Bloom,288
.\Stage2_Early_Bloom\Early_Bloom_41.jpg,Stage2_Early_Bloom,270
.\Stage2_Early_Bloom\Early_Bloom_42.jpg,Stage2_Early_Bloom,253
.\Stage2_Early_Bloom\Early_Bloom_43.jpg,Stage2_Early_Bloom,301
.\Stage2_Early_Bloom\Early_Bloom_44.jpg,Stage2_Early_Bloom,344
.\Stage2_Early_Bloom\Early_Bloom_45.jpg,Stage2_Early_Bloom,205
.\Stage2_Early_Bloom\Early_Bloom_46.jpg,Stage2_Early_Bloom,345
.\Stage2_Early_Bloom\Early_Bloom_47.jpg,Stage2_Early_Bloom,346
.\Stage2_Early_Bloom\Early_Bloom_48.jpg,Stage2_Early_Bloom,282
.\Stage2_Early_Bloom\Early_Bloom_49.jpg,Stage2_Early_Bloom,347
.\Stage2_Early_Bloom\Early_Bloom_5.jpg,Stage2_Early_Bloom,348
.\Stage2_Early_Bloom\Early_Bloom_50.jpg,Stage2_Early_Bloom,349
.\Stage2_Early_Bloom\Early_Bloom_51.jpg,Stage2_Early_Bloom,350
.\Stage2_Early_Bloom\Early_Bloom_52.jpg,Stage2_Early_Bloom,329
.\Stage2_Early_Bloom\Early_Bloom_53.jpg,Stage2_Early_Bloom,351
.\Stage2_Early_Bloom\Early_Bloom_54.jpg,Stage2_Early_Bloom,352
.\Stage2_Early_Bloom\Early_Bloom_55.jpg,Stage2_Early_Bloom,353
.\Stage2_Early_Bloom\Early_Bloom_56.jpg,Stage2_Early_Bloom,212
.\Stage2_Early_Bloom\Early_Bloom_57.jpg,Stage2_Early_Bloom,354
.\Stage2_Early_Bloom\Early_Bloom_58.jpg,Stage2_Early_Bloom,355
.\Stage2_Early_Bloom\Early_Bloom_59.jpg,Stage2_Early_Bloom,223
.\Stage2_Early_Bloom\Early_Bloom_6.jpg,Stage2_Early_Bloom,258
.\Stage2_Early_Bloom\Early_Bloom_60.jpg,Stage2_Early_Bloom,205
.\Stage2_Early_Bloom\Early_Bloom_61.jpg,Stage2_Early_Bloom,340
.\Stage2_Early_Bloom\Early_Bloom_62.jpg,Stage2_Early_Bloom,356
.\Stage2_Early_Bloom\Early_Bloom_63.jpg,Stage2_Early_Bloom,249
.\Stage2_Early_Bloom\Early_Bloom_64.jpg,Stage2_Early_Bloom,357
.\Stage2_Early_Bloom\Early_Bloom_65.jpg,Stage2_Early_Bloom,358
.\Stage2_Early_Bloom\Early_Bloom_66.jpg,Stage2_Early_Bloom,333
.\Stage2_Early_Bloom\Early_Bloom_67.jpg,Stage2_Early_Bloom,359
.\Stage2_Early_Bloom\Early_Bloom_68.jpg,Stage2_Early_Bloom,360
.\Stage2_Early_Bloom\Early_Bloom_69.jpg,Stage2_Early_Bloom,361
.\Stage2_Early_Bloom\Early_Bloom_7.jpg,Stage2_Early_Bloom,362
.\Stage2_Early_Bloom\Early_Bloom_70.jpg,Stage2_Early_Bloom,286
.\Stage2_Early_Bloom\Early_Bloom_71.jpg,Stage2_Early_Bloom,363
.\Stage2_Early_Bloom\Early_Bloom_72.jpg,Stage2_Early_Bloom,364
.\Stage2_Early_Bloom\Early_Bloom_73.jpg,Stage2_Early_Bloom,334
.\Stage2_Early_Bloom\Early_Bloom_74.jpg,Stage2_Early_Bloom,365
.\Stage2_Early_Bloom\Early_Bloom_75.jpg,Stage2_Early_Bloom,366
.\Stage2_Early_Bloom\Early_Bloom_76.jpg,Stage2_Early_Bloom,324
.\Stage2_Early_Bloom\Early_Bloom_77.jpg,Stage2_Early_Bloom,367
.\Stage2_Early_Bloom\Early_Bloom_78.jpg,Stage2_Early_Bloom,228
.\Stage2_Early_Bloom\Early_Bloom_79.jpg,Stage2_Early_Bloom,368
.\Stage2_Early_Bloom\Early_Bloom_8.jpg,Stage2_Early_Bloom,369
.\Stage2_Early_Bloom\Early_Bloom_80.jpg,Stage2_Early_Bloom,370
.\Stage2_Early_Bloom\Early_Bloom_81.jpg,Stage2_Early_Bloom,349
.\Stage2_Early_Bloom\Early_Bloom_82.jpg,Stage2_Early_Bloom,371
.\Stage2_Early_Bloom\Early_Bloom_83.jpg,Stage2_Early_Bloom,372
.\Stage2_Early_Bloom\Early_Bloom_84.jpg,Stage2_Early_Bloom,373
.\Stage2_Early_Bloom\Early_Bloom_85.jpg,Stage2_Early_Bloom,374
.\Stage2_Early_Bloom\Early_Bloom_86.jpg,Stage2_Early_Bloom,211
.\Stage2_Early_Bloom\Early_Bloom_87.jpg,Stage2_Early_Bloom,375
.\Stage2_Early_Bloom\Early_Bloom_88.jpg,Stage2_Early_Bloom,376
.\Stage2_Early_Bloom\Early_Bloom_89.jpg,Stage2_Early_Bloom,371
.\Stage2_Early_Bloom\Early_Bloom_9.jpg,Stage2_Early_Bloom,377
.\Stage2_Early_Bloom\Early_Bloom_90.jpg,Stage2_Early_Bloom,317
.\Stage2_Early_Bloom\Early_Bloom_91.jpg,Stage2_Early_Bloom,378
.\Stage2_Early_Bloom\Early_Bloom_92.jpg,Stage2_Early_Bloom,287
.\Stage2_Early_Bloom\Early_Bloom_93.jpg,Stage2_Early_Bloom,379
.\Stage2_Early_Bloom\Early_Bloom_94.jpg,Stage2_Early_Bloom,380
.\Stage2_Early_Bloom\Early_Bloom_95.jpg,Stage2_Early_Bloom,345
.\Stage2_Early_Bloom\Early_Bloom_96.jpg,Stage2_Early_Bloom,381
.\Stage2_Early_Bloom\Early_Bloom_97.jpg,Stage2_Early_Bloom,205
.\Stage2_Early_Bloom\Early_Bloom_98.jpg,Stage2_Early_Bloom,382
.\Stage2_Early_Bloom\Early_Bloom_99.jpg,Stage2_Early_Bloom,383
.\Stage3_Full_Bloom\Full_Bloom_1.jpg,Stage3_Full_Bloom,384
.\Stage3_Full_Bloom\Full_Bloom_10.jpg,Stage3_Full_Bloom,385
.\Stage3_Full_Bloom\Full_Bloom_100.jpg,Stage3_Full_Bloom,386
.\Stage3_Full_Bloom\Full_Bloom_101.jpg,Stage3_Full_Bloom,387
.\Stage3_Full_Bloom\Full_Bloom_102.jpg,Stage3_Full_Bloom,388
.\Stage3_Full_Bloom\Full_Bloom_103.jpg,Stage3_Full_Bloom,389
.\Stage3_Full_Bloom\Full_Bloom_104.jpg,Stage3_Full_Bloom,390
.\Stage3_Full_Bloom\Full_Bloom_105.jpg,Stage3_Full_Bloom,391
.\Stage3_Full_Bloom\Full_Bloom_106.jpg,Stage3_Full_Bloom,392
.\Stage3_Full_Bloom\Full_Bloom_107.jpg,Stage3_Full_Bloom,393
.\Stage3_Full_Bloom\Full_Bloom_108.jpg,Stage3_Full_Bloom,394
.\Stage3_Full_Bloom\Full_Bloom_109.jpg,Stage3_Full_Bloom,395
.\Stage3_Full_Bloom\Full_Bloom_11.jpg,Stage3_Full_Bloom,396
.\Stage3_Full_Bloom\Full_Bloom_110.jpg,Stage3_Full_Bloom,397
.\Stage3_Full_Bloom\Full_Bloom_111.jpg,Stage3_Full_Bloom,398
.\Stage3_Full_Bloom\Full_Bloom_112.jpg,Stage3_Full_Bloom,399
.\Stage3_Full_Bloom\Full_Bloom_113.jpg,Stage3_Full_Bloom,400
.\Stage3_Full_Bloom\Full_Bloom_114.jpg,Stage3_Full_Bloom,401
.\Stage3_Full_Bloom\Full_Bloom_115.jpg,Stage3_Full_Bloom,402
.\Stage3_Full_Bloom\Full_Bloom_116.jpg,Stage3_Full_Bloom,403
.\Stage3_Full_Bloom\Full_Bloom_117.jpg,Stage3_Full_Bloom,404
.\Stage3_Full_Bloom\Full_Bloom_118.jpg,Stage3_Full_Bloom,405
.\Stage3_Full_Bloom\Full_Bloom_119.jpg,Stage3_Full_Bloom,406
.\Stage3_Full_Bloom\Full_Bloom_12.jpg,Stage3_Full_Bloom,407
.\Stage3_Full_Bloom\Full_Bloom_120.jpg,Stage3_Full_Bloom,408
.\Stage3_Full_Bloom\Full_Bloom_121.jpg,Stage3_Full_Bloom,409
.\Stage3_Full_Bloom\Full_Bloom_122.jpg,Stage3_Full_Bloom,410
.\Stage3_Full_Bloom\Full_Bloom_123.jpg,Stage3_Full_Bloom,393
.\Stage3_Full_Bloom\Full_Bloom_124.jpg,Stage3_Full_Bloom,411
.\Stage3_Full_Bloom\Full_Bloom_125.jpg,Stage3_Full_Bloom,412
.\Stage3_Full_Bloom\Full_Bloom_126.jpg,Stage3_Full_Bloom,413
.\Stage3_Full_Bloom\Full_Bloom_127.jpg,Stage3_Full_Bloom,414
.\Stage3_Full_Bloom\Full_Bloom_128.jpg,Stage3_Full_Bloom,415
.\Stage3_Full_Bloom\Full_Bloom_129.jpg,Stage3_Full_Bloom,416
.\Stage3_Full_Bloom\Full_Bloom_13.jpg,Stage3_Full_Bloom,417
.\Stage3_Full_Bloom\Full_Bloom_130.jpg,Stage3_Full_Bloom,418
.\Stage3_Full_Bloom\Full_Bloom_131.jpg,Stage3_Full_Bloom,419
.\Stage3_Full_Bloom\Full_Bloom_132.jpg,Stage3_Full_Bloom,420
.\Stage3_Full_Bloom\Full_Bloom_133.jpg,Stage3_Full_Bloom,421
.\Stage3_Full_Bloom\Full_Bloom_134.jpg,Stage3_Full_Bloom,400
.\Stage3_Full_Bloom\Full_Bloom_135.jpg,Stage3_Full_Bloom,422
.\Stage3_Full_Bloom\Full_Bloom_136.jpg,Stage3_Full_Bloom,423
.\Stage3_Full_Bloom\Full_Bloom_137.jpg,Stage3_Full_Bloom,424
.\Stage3_Full_Bloom\Full_Bloom_138.jpg,Stage3_Full_Bloom,425
.\Stage3_Full_Bloom\Full_Bloom_139.jpg,Stage3_Full_Bloom,426
.\Stage3_Full_Bloom\Full_Bloom_14.jpg,Stage3_Full_Bloom,427
.\Stage3_Full_Bloom\Full_Bloom_140.jpg,Stage3_Full_Bloom,428
.\Stage3_Full_Bloom\Full_Bloom_141.jpg,Stage3_Full_Bloom,429
.\Stage3_Full_Bloom\Full_Bloom_142.jpg,Stage3_Full_Bloom,430
.\Stage3_Full_Bloom\Full_Bloom_143.jpg,Stage3_Full_Bloom,431
.\Stage3_Full_Bloom\Full_Bloom_144.jpg,Stage3_Full_Bloom,432
.\Stage3_Full_Bloom\Full_Bloom_145.jpg,Stage3_Full_Bloom,433
.\Stage3_Full_Bloom\Full_Bloom_146.jpg,Stage3_Full_Bloom,388
.\Stage3_Full_Bloom\Full_Bloom_147.jpg,Stage3_Full_Bloom,434
.\Stage3_Full_Bloom\Full_Bloom_148.jpg,Stage3_Full_Bloom,435
.\Stage3_Full_Bloom\Full_Bloom_149.jpg,Stage3_Full_Bloom,436
.\Stage3_Full_Bloom\Full_Bloom_15.jpg,Stage3_Full_Bloom,437
.\Stage3_Full_Bloom\Full_Bloom_150.jpg,Stage3_Full_Bloom,413
.\Stage3_Full_Bloom\Full_Bloom_151.jpg,Stage3_Full_Bloom,438
.\Stage3_Full_Bloom\Full_Bloom_152.jpg,Stage3_Full_Bloom,439
.\Stage3_Full_Bloom\Full_Bloom_153.jpg,Stage3_Full_Bloom,440
.\Stage3_Full_Bloom\Full_Bloom_154.jpg,Stage3_Full_Bloom,441
.\Stage3_Full_Bloom\Full_Bloom_155.jpg,Stage3_Full_Bloom,442
.\Stage3_Full_Bloom\Full_Bloom_156.jpg,Stage3_Full_Bloom,443
.\Stage3_Full_Bloom\Full_Bloom_157.jpg,Stage3_Full_Bloom,444
.\Stage3_Full_Bloom\Full_Bloom_158.jpg,Stage3_Full_Bloom,445
.\Stage3_Full_Bloom\Full_Bloom_159.jpg,Stage3_Full_Bloom,446
.\Stage3_Full_Bloom\Full_Bloom_16.jpg,Stage3_Full_Bloom,447
.\Stage3_Full_Bloom\Full_Bloom_160.jpg,Stage3_Full_Bloom,448
.\Stage3_Full_Bloom\Full_Bloom_161.jpg,Stage3_Full_Bloom,449
.\Stage3_Full_Bloom\Full_Bloom_162.jpg,Stage3_Full_Bloom,450
.\Stage3_Full_Bloom\Full_Bloom_163.jpg,Stage3_Full_Bloom,451
.\Stage3_Full_Bloom\Full_Bloom_164.jpg,Stage3_Full_Bloom,452
.\Stage3_Full_Bloom\Full_Bloom_165.jpg,Stage3_Full_Bloom,453
.\Stage3_Full_Bloom\Full_Bloom_166.jpg,Stage3_Full_Bloom,454
.\Stage3_Full_Bloom\Full_Bloom_167.jpg,Stage3_Full_Bloom,455
.\Stage3_Full_Bloom\Full_Bloom_168.jpg,Stage3_Full_Bloom,456
.\Stage3_Full_Bloom\Full_Bloom_169.jpg,Stage3_Full_Bloom,445
.\Stage3_Full_Bloom\Full_Bloom_17.jpg,Stage3_Full_Bloom,457
.\Stage3_Full_Bloom\Full_Bloom_170.jpg,Stage3_Full_Bloom,458
.\Stage3_Full_Bloom\Full_Bloom_171.jpg,Stage3_Full_Bloom,459
.\Stage3_Full_Bloom\Full_Bloom_172.jpg,Stage3_Full_Bloom,460
.\Stage3_Full_Bloom\Full_Bloom_173.jpg,Stage3_Full_Bloom,461
.\Stage3_Full_Bloom\Full_Bloom_174.jpg,Stage3_Full_Bloom,462
.\Stage3_Full_Bloom\Full_Bloom_175.jpg,Stage3_Full_Bloom,463
.\Stage3_Full_Bloom\Full_Bloom_176.jpg,Stage3_Full_Bloom,464
.\Stage3_Full_Bloom\Full_Bloom_177.jpg,Stage3_Full_Bloom,456
.\Stage3_Full_Bloom\Full_Bloom_178.jpg,Stage3_Full_Bloom,465
.\Stage3_Full_Bloom\Full_Bloom_179.jpg,Stage3_Full_Bloom,443
.\Stage3_Full_Bloom\Full_Bloom_18.jpg,Stage3_Full_Bloom,466
.\Stage3_Full_Bloom\Full_Bloom_180.jpg,Stage3_Full_Bloom,467
.\Stage3_Full_Bloom\Full_Bloom_181.jpg,Stage3_Full_Bloom,397
.\Stage3_Full_Bloom\Full_Bloom_182.jpg,Stage3_Full_Bloom,468
.\Stage3_Full_Bloom\Full_Bloom_183.jpg,Stage3_Full_Bloom,469
.\Stage3_Full_Bloom\Full_Bloom_184.jpg,Stage3_Full_Bloom,470
.\Stage3_Full_Bloom\Full_Bloom_185.jpg,Stage3_Full_Bloom,471
.\Stage3_Full_Bloom\Full_Bloom_186.jpg,Stage3_Full_Bloom,472
.\Stage3_Full_Bloom\Full_Bloom_187.jpg,Stage3_Full_Bloom,473
.\Stage3_Full_Bloom\Full_Bloom_188.jpg,Stage3_Full_Bloom,474
.\Stage3_Full_Bloom\Full_Bloom_189.jpg,Stage3_Full_Bloom,475
.\Stage3_Full_Bloom\Full_Bloom_19.jpg,Stage3_Full_Bloom,476
.\Stage3_Full_Bloom\Full_Bloom_190.jpg,Stage3_Full_Bloom,477
.\Stage3_Full_Bloom\Full_Bloom_191.jpg,Stage3_Full_Bloom,471
.\Stage3_Full_Bloom\Full_Bloom_192.jpg,Stage3_Full_Bloom,447
.\Stage3_Full_Bloom\Full_Bloom_193.jpg,Stage3_Full_Bloom,478
.\Stage3_Full_Bloom\Full_Bloom_194.jpg,Stage3_Full_Bloom,479
.\Stage3_Full_Bloom\Full_Bloom_195.jpg,Stage3_Full_Bloom,480
.\Stage3_Full_Bloom\Full_Bloom_196.jpg,Stage3_Full_Bloom,481
.\Stage3_Full_Bloom\Full_Bloom_197.jpg,Stage3_Full_Bloom,482
.\Stage3_Full_Bloom\Full_Bloom_198.jpg,Stage3_Full_Bloom,483
.\Stage3_Full_Bloom\Full_Bloom_199.jpg,Stage3_Full_Bloom,484
.\Stage3_Full_Bloom\Full_Bloom_2.jpg,Stage3_Full_Bloom,451
.\Stage3_Full_Bloom\Full_Bloom_20.jpg,Stage3_Full_Bloom,485
.\Stage3_Full_Bloom\Full_Bloom_200.jpg,Stage3_Full_Bloom,486
.\Stage3_Full_Bloom\Full_Bloom_201.jpg,Stage3_Full_Bloom,487
.\Stage3_Full_Bloom\Full_Bloom_202.jpg,Stage3_Full_Bloom,488
.\Stage3_Full_Bloom\Full_Bloom_203.jpg,Stage3_Full_Bloom,489
.\Stage3_Full_Bloom\Full_Bloom_204.jpg,Stage3_Full_Bloom,490
.\Stage3_Full_Bloom\Full_Bloom_205.jpg,Stage3_Full_Bloom,425
.\Stage3_Full_Bloom\Full_Bloom_206.jpg,Stage3_Full_Bloom,491
.\Stage3_Full_Bloom\Full_Bloom_207.jpg,Stage3_Full_Bloom,386
.\Stage3_Full_Bloom\Full_Bloom_208.jpg,Stage3_Full_Bloom,492
.\Stage3_Full_Bloom\Full_Bloom_209.jpg,Stage3_Full_Bloom,493
.\Stage3_Full_Bloom\Full_Bloom_21.jpg,Stage3_Full_Bloom,494
.\Stage3_Full_Bloom\Full_Bloom_210.jpg,Stage3_Full_Bloom,495
.\Stage3_Full_Bloom\Full_Bloom_211.jpg,Stage3_Full_Bloom,496
.\Stage3_Full_Bloom\Full_Bloom_212.jpg,Stage3_Full_Bloom,497
.\Stage3_Full_Bloom\Full_Bloom_213.jpg,Stage3_Full_Bloom,498
.\Stage3_Full_Bloom\Full_Bloom_22.jpg,Stage3_Full_Bloom,497
.\Stage3_Full_Bloom\Full_Bloom_23.jpg,Stage3_Full_Bloom,499
.\Stage3_Full_Bloom\Full_Bloom_24.jpg,Stage3_Full_Bloom,500
.\Stage3_Full_Bloom\Full_Bloom_25.jpg,Stage3_Full_Bloom,501
.\Stage3_Full_Bloom\Full_Bloom_26.jpg,Stage3_Full_Bloom,502
.\Stage3_Full_Bloom\Full_Bloom_27.jpg,Stage3_Full_Bloom,503
.\Stage3_Full_Bloom\Full_Bloom_28.jpg,Stage3_Full_Bloom,472
.\Stage3_Full_Bloom\Full_Bloom_29.jpg,Stage3_Full_Bloom,504
.\Stage3_Full_Bloom\Full_Bloom_3.jpg,Stage3_Full_Bloom,490
.\Stage3_Full_Bloom\Full_Bloom_30.jpg,Stage3_Full_Bloom,505
.\Stage3_Full_Bloom\Full_Bloom_31.jpg,Stage3_Full_Bloom,506
.\Stage3_Full_Bloom\Full_Bloom_32.jpg,Stage3_Full_Bloom,507
.\Stage3_Full_Bloom\Full_Bloom_33.jpg,Stage3_Full_Bloom,508
.\Stage3_Full_Bloom\Full_Bloom_34.jpg,Stage3_Full_Bloom,509
.\Stage3_Full_Bloom\Full_Bloom_35.jpg,Stage3_Full_Bloom,510
.\Stage3_Full_Bloom\Full_Bloom_36.jpg,Stage3_Full_Bloom,467
.\Stage3_Full_Bloom\Full_Bloom_37.jpg,Stage3_Full_Bloom,412
.\Stage3_Full_Bloom\Full_Bloom_38.jpg,Stage3_Full_Bloom,511
.\Stage3_Full_Bloom\Full_Bloom_39.jpg,Stage3_Full_Bloom,512
.\Stage3_Full_Bloom\Full_Bloom_4.jpg,Stage3_Full_Bloom,513
.\Stage3_Full_Bloom\Full_Bloom_40.jpg,Stage3_Full_Bloom,500
.\Stage3_Full_Bloom\Full_Bloom_41.jpg,Stage3_Full_Bloom,514
.\Stage3_Full_Bloom\Full_Bloom_42.jpg,Stage3_Full_Bloom,515
.\Stage3_Full_Bloom\Full_Bloom_43.jpg,Stage3_Full_Bloom,450
.\Stage3_Full_Bloom\Full_Bloom_44.jpg,Stage3_Full_Bloom,516
.\Stage3_Full_Bloom\Full_Bloom_45.jpg,Stage3_Full_Bloom,517
.\Stage3_Full_Bloom\Full_Bloom_46.jpg,Stage3_Full_Bloom,498
.\Stage3_Full_Bloom\Full_Bloom_47.jpg,Stage3_Full_Bloom,518
.\Stage3_Full_Bloom\Full_Bloom_48.jpg,Stage3_Full_Bloom,519
.\Stage3_Full_Bloom\Full_Bloom_49.jpg,Stage3_Full_Bloom,520
.\Stage3_Full_Bloom\Full_Bloom_5.jpg,Stage3_Full_Bloom,521
.\Stage3_Full_Bloom\Full_Bloom_50.jpg,Stage3_Full_Bloom,522
.\Stage3_Full_Bloom\Full_Bloom_51.jpg,Stage3_Full_Bloom,523
.\Stage3_Full_Bloom\Full_Bloom_52.jpg,Stage3_Full_Bloom,524
.\Stage3_Full_Bloom\Full_Bloom_53.jpg,Stage3_Full_Bloom,399
.\Stage3_Full_Bloom\Full_Bloom_54.jpg,Stage3_Full_Bloom,417
.\Stage3_Full_Bloom\Full_Bloom_55.jpg,Stage3_Full_Bloom,482
.\Stage3_Full_Bloom\Full_Bloom_56.jpg,Stage3_Full_Bloom,525
.\Stage3_Full_Bloom\Full_Bloom_57.jpg,Stage3_Full_Bloom,428
.\Stage3_Full_Bloom\Full_Bloom_58.jpg,Stage3_Full_Bloom,526
.\Stage3_Full_Bloom\Full_Bloom_59.jpg,Stage3_Full_Bloom,492
.\Stage3_Full_Bloom\Full_Bloom_6.jpg,Stage3_Full_Bloom,527
.\Stage3_Full_Bloom\Full_Bloom_60.jpg,Stage3_Full_Bloom,528
.\Stage3_Full_Bloom\Full_Bloom_61.jpg,Stage3_Full_Bloom,529
.\Stage3_Full_Bloom\Full_Bloom_62.jpg,Stage3_Full_Bloom,530
.\Stage3_Full_Bloom\Full_Bloom_63.jpg,Stage3_Full_Bloom,465
.\Stage3_Full_Bloom\Full_Bloom_64.jpg,Stage3_Full_Bloom,531
.\Stage3_Full_Bloom\Full_Bloom_65.jpg,Stage3_Full_Bloom,439
.\Stage3_Full_Bloom\Full_Bloom_66.jpg,Stage3_Full_Bloom,532
.\Stage3_Full_Bloom\Full_Bloom_67.jpg,Stage3_Full_Bloom,533
.\Stage3_Full_Bloom\Full_Bloom_68.jpg,Stage3_Full_Bloom,534
.\Stage3_Full_Bloom\Full_Bloom_69.jpg,Stage3_Full_Bloom,535
.\Stage3_Full_Bloom\Full_Bloom_7.jpg,Stage3_Full_Bloom,521
.\Stage3_Full_Bloom\Full_Bloom_70.jpg,Stage3_Full_Bloom,536
.\Stage3_Full_Bloom\Full_Bloom_71.jpg,Stage3_Full_Bloom,537
.\Stage3_Full_Bloom\Full_Bloom_72.jpg,Stage3_Full_Bloom,538
.\Stage3_Full_Bloom\Full_Bloom_73.jpg,Stage3_Full_Bloom,539
.\Stage3_Full_Bloom\Full_Bloom_74.jpg,Stage3_Full_Bloom,540
.\Stage3_Full_Bloom\Full_Bloom_75.jpg,Stage3_Full_Bloom,448
.\Stage3_Full_Bloom\Full_Bloom_76.jpg,Stage3_Full_Bloom,487
.\Stage3_Full_Bloom\Full_Bloom_77.jpg,Stage3_Full_Bloom,541
.\Stage3_Full_Bloom\Full_Bloom_78.jpg,Stage3_Full_Bloom,410
.\Stage3_Full_Bloom\Full_Bloom_79.jpg,Stage3_Full_Bloom,542
.\Stage3_Full_Bloom\Full_Bloom_8.jpg,Stage3_Full_Bloom,543
.\Stage3_Full_Bloom\Full_Bloom_80.jpg,Stage3_Full_Bloom,503
.\Stage3_Full_Bloom\Full_Bloom_81.jpg,Stage3_Full_Bloom,544
.\Stage3_Full_Bloom\Full_Bloom_82.jpg,Stage3_Full_Bloom,545
.\Stage3_Full_Bloom\Full_Bloom_83.jpg,Stage3_Full_Bloom,416
.\Stage3_Full_Bloom\Full_Bloom_84.jpg,Stage3_Full_Bloom,546
.\Stage3_Full_Bloom\Full_Bloom_85.jpg,Stage3_Full_Bloom,547
.\Stage3_Full_Bloom\Full_Bloom_86.jpg,Stage3_Full_Bloom,548
.\Stage3_Full_Bloom\Full_Bloom_87.jpg,Stage3_Full_Bloom,505
.\Stage3_Full_Bloom\Full_Bloom_88.jpg,Stage3_Full_Bloom,549
.\Stage3_Full_Bloom\Full_Bloom_89.jpg,Stage3_Full_Bloom,533
.\Stage3_Full_Bloom\Full_Bloom_9.jpg,Stage3_Full_Bloom,550
.\Stage3_Full_Bloom\Full_Bloom_90.jpg,Stage3_Full_Bloom,551
.\Stage3_Full_Bloom\Full_Bloom_91.jpg,Stage3_Full_Bloom,462
.\Stage3_Full_Bloom\Full_Bloom_92.jpg,Stage3_Full_Bloom,493
.\Stage3_Full_Bloom\Full_Bloom_93.jpg,Stage3_Full_Bloom,552
.\Stage3_Full_Bloom\Full_Bloom_94.jpg,Stage3_Full_Bloom,553
.\Stage3_Full_Bloom\Full_Bloom_95.jpg,Stage3_Full_Bloom,554
.\Stage3_Full_Bloom\Full_Bloom_96.jpg,Stage3_Full_Bloom,405
.\Stage3_Full_Bloom\Full_Bloom_97.jpg,Stage3_Full_Bloom,555
.\Stage3_Full_Bloom\Full_Bloom_98.jpg,Stage3_Full_Bloom,556
.\Stage3_Full_Bloom\Full_Bloom_99.jpg,Stage3_Full_Bloom,557
